loc,index
chr1_0,0
chr1_1000000,1
chr1_2000000,2
chr1_3000000,3
chr1_4000000,4
chr1_5000000,5
chr1_6000000,6
chr1_7000000,7
chr1_8000000,8
chr1_9000000,9
chr1_10000000,10
chr1_11000000,11
chr1_12000000,12
chr1_13000000,13
chr1_14000000,14
chr1_15000000,15
chr1_16000000,16
chr1_17000000,17
chr1_18000000,18
chr1_19000000,19
chr1_20000000,20
chr1_21000000,21
chr1_22000000,22
chr1_23000000,23
chr1_24000000,24
chr1_25000000,25
chr1_26000000,26
chr1_27000000,27
chr1_28000000,28
chr1_29000000,29
chr1_30000000,30
chr1_31000000,31
chr1_32000000,32
chr1_33000000,33
chr1_34000000,34
chr1_35000000,35
chr1_36000000,36
chr1_37000000,37
chr1_38000000,38
chr1_39000000,39
chr1_40000000,40
chr1_41000000,41
chr1_42000000,42
chr1_43000000,43
chr1_44000000,44
chr1_45000000,45
chr1_46000000,46
chr1_47000000,47
chr1_48000000,48
chr1_49000000,49
chr1_50000000,50
chr1_51000000,51
chr1_52000000,52
chr1_53000000,53
chr1_54000000,54
chr1_55000000,55
chr1_56000000,56
chr1_57000000,57
chr1_58000000,58
chr1_59000000,59
chr1_60000000,60
chr1_61000000,61
chr1_62000000,62
chr1_63000000,63
chr1_64000000,64
chr1_65000000,65
chr1_66000000,66
chr1_67000000,67
chr1_68000000,68
chr1_69000000,69
chr1_70000000,70
chr1_71000000,71
chr1_72000000,72
chr1_73000000,73
chr1_74000000,74
chr1_75000000,75
chr1_76000000,76
chr1_77000000,77
chr1_78000000,78
chr1_79000000,79
chr1_80000000,80
chr1_81000000,81
chr1_82000000,82
chr1_83000000,83
chr1_84000000,84
chr1_85000000,85
chr1_86000000,86
chr1_87000000,87
chr1_88000000,88
chr1_89000000,89
chr1_90000000,90
chr1_91000000,91
chr1_92000000,92
chr1_93000000,93
chr1_94000000,94
chr1_95000000,95
chr1_96000000,96
chr1_97000000,97
chr1_98000000,98
chr1_99000000,99
chr1_100000000,100
chr1_101000000,101
chr1_102000000,102
chr1_103000000,103
chr1_104000000,104
chr1_105000000,105
chr1_106000000,106
chr1_107000000,107
chr1_108000000,108
chr1_109000000,109
chr1_110000000,110
chr1_111000000,111
chr1_112000000,112
chr1_113000000,113
chr1_114000000,114
chr1_115000000,115
chr1_116000000,116
chr1_117000000,117
chr1_118000000,118
chr1_119000000,119
chr1_120000000,120
chr1_121000000,121
chr1_122000000,122
chr1_123000000,123
chr1_124000000,124
chr1_125000000,125
chr1_126000000,126
chr1_127000000,127
chr1_128000000,128
chr1_129000000,129
chr1_130000000,130
chr1_131000000,131
chr1_132000000,132
chr1_133000000,133
chr1_134000000,134
chr1_135000000,135
chr1_136000000,136
chr1_137000000,137
chr1_138000000,138
chr1_139000000,139
chr1_140000000,140
chr1_141000000,141
chr1_142000000,142
chr1_143000000,143
chr1_144000000,144
chr1_145000000,145
chr1_146000000,146
chr1_147000000,147
chr1_148000000,148
chr1_149000000,149
chr1_150000000,150
chr1_151000000,151
chr1_152000000,152
chr1_153000000,153
chr1_154000000,154
chr1_155000000,155
chr1_156000000,156
chr1_157000000,157
chr1_158000000,158
chr1_159000000,159
chr1_160000000,160
chr1_161000000,161
chr1_162000000,162
chr1_163000000,163
chr1_164000000,164
chr1_165000000,165
chr1_166000000,166
chr1_167000000,167
chr1_168000000,168
chr1_169000000,169
chr1_170000000,170
chr1_171000000,171
chr1_172000000,172
chr1_173000000,173
chr1_174000000,174
chr1_175000000,175
chr1_176000000,176
chr1_177000000,177
chr1_178000000,178
chr1_179000000,179
chr1_180000000,180
chr1_181000000,181
chr1_182000000,182
chr1_183000000,183
chr1_184000000,184
chr1_185000000,185
chr1_186000000,186
chr1_187000000,187
chr1_188000000,188
chr1_189000000,189
chr1_190000000,190
chr1_191000000,191
chr1_192000000,192
chr1_193000000,193
chr1_194000000,194
chr1_195000000,195
chr1_196000000,196
chr1_197000000,197
chr1_198000000,198
chr1_199000000,199
chr1_200000000,200
chr1_201000000,201
chr1_202000000,202
chr1_203000000,203
chr1_204000000,204
chr1_205000000,205
chr1_206000000,206
chr1_207000000,207
chr1_208000000,208
chr1_209000000,209
chr1_210000000,210
chr1_211000000,211
chr1_212000000,212
chr1_213000000,213
chr1_214000000,214
chr1_215000000,215
chr1_216000000,216
chr1_217000000,217
chr1_218000000,218
chr1_219000000,219
chr1_220000000,220
chr1_221000000,221
chr1_222000000,222
chr1_223000000,223
chr1_224000000,224
chr1_225000000,225
chr1_226000000,226
chr1_227000000,227
chr1_228000000,228
chr1_229000000,229
chr1_230000000,230
chr1_231000000,231
chr1_232000000,232
chr1_233000000,233
chr1_234000000,234
chr1_235000000,235
chr1_236000000,236
chr1_237000000,237
chr1_238000000,238
chr1_239000000,239
chr1_240000000,240
chr1_241000000,241
chr1_242000000,242
chr1_243000000,243
chr1_244000000,244
chr1_245000000,245
chr1_246000000,246
chr1_247000000,247
chr1_248000000,248
chr2_0,249
chr2_1000000,250
chr2_2000000,251
chr2_3000000,252
chr2_4000000,253
chr2_5000000,254
chr2_6000000,255
chr2_7000000,256
chr2_8000000,257
chr2_9000000,258
chr2_10000000,259
chr2_11000000,260
chr2_12000000,261
chr2_13000000,262
chr2_14000000,263
chr2_15000000,264
chr2_16000000,265
chr2_17000000,266
chr2_18000000,267
chr2_19000000,268
chr2_20000000,269
chr2_21000000,270
chr2_22000000,271
chr2_23000000,272
chr2_24000000,273
chr2_25000000,274
chr2_26000000,275
chr2_27000000,276
chr2_28000000,277
chr2_29000000,278
chr2_30000000,279
chr2_31000000,280
chr2_32000000,281
chr2_33000000,282
chr2_34000000,283
chr2_35000000,284
chr2_36000000,285
chr2_37000000,286
chr2_38000000,287
chr2_39000000,288
chr2_40000000,289
chr2_41000000,290
chr2_42000000,291
chr2_43000000,292
chr2_44000000,293
chr2_45000000,294
chr2_46000000,295
chr2_47000000,296
chr2_48000000,297
chr2_49000000,298
chr2_50000000,299
chr2_51000000,300
chr2_52000000,301
chr2_53000000,302
chr2_54000000,303
chr2_55000000,304
chr2_56000000,305
chr2_57000000,306
chr2_58000000,307
chr2_59000000,308
chr2_60000000,309
chr2_61000000,310
chr2_62000000,311
chr2_63000000,312
chr2_64000000,313
chr2_65000000,314
chr2_66000000,315
chr2_67000000,316
chr2_68000000,317
chr2_69000000,318
chr2_70000000,319
chr2_71000000,320
chr2_72000000,321
chr2_73000000,322
chr2_74000000,323
chr2_75000000,324
chr2_76000000,325
chr2_77000000,326
chr2_78000000,327
chr2_79000000,328
chr2_80000000,329
chr2_81000000,330
chr2_82000000,331
chr2_83000000,332
chr2_84000000,333
chr2_85000000,334
chr2_86000000,335
chr2_87000000,336
chr2_88000000,337
chr2_89000000,338
chr2_90000000,339
chr2_91000000,340
chr2_92000000,341
chr2_93000000,342
chr2_94000000,343
chr2_95000000,344
chr2_96000000,345
chr2_97000000,346
chr2_98000000,347
chr2_99000000,348
chr2_100000000,349
chr2_101000000,350
chr2_102000000,351
chr2_103000000,352
chr2_104000000,353
chr2_105000000,354
chr2_106000000,355
chr2_107000000,356
chr2_108000000,357
chr2_109000000,358
chr2_110000000,359
chr2_111000000,360
chr2_112000000,361
chr2_113000000,362
chr2_114000000,363
chr2_115000000,364
chr2_116000000,365
chr2_117000000,366
chr2_118000000,367
chr2_119000000,368
chr2_120000000,369
chr2_121000000,370
chr2_122000000,371
chr2_123000000,372
chr2_124000000,373
chr2_125000000,374
chr2_126000000,375
chr2_127000000,376
chr2_128000000,377
chr2_129000000,378
chr2_130000000,379
chr2_131000000,380
chr2_132000000,381
chr2_133000000,382
chr2_134000000,383
chr2_135000000,384
chr2_136000000,385
chr2_137000000,386
chr2_138000000,387
chr2_139000000,388
chr2_140000000,389
chr2_141000000,390
chr2_142000000,391
chr2_143000000,392
chr2_144000000,393
chr2_145000000,394
chr2_146000000,395
chr2_147000000,396
chr2_148000000,397
chr2_149000000,398
chr2_150000000,399
chr2_151000000,400
chr2_152000000,401
chr2_153000000,402
chr2_154000000,403
chr2_155000000,404
chr2_156000000,405
chr2_157000000,406
chr2_158000000,407
chr2_159000000,408
chr2_160000000,409
chr2_161000000,410
chr2_162000000,411
chr2_163000000,412
chr2_164000000,413
chr2_165000000,414
chr2_166000000,415
chr2_167000000,416
chr2_168000000,417
chr2_169000000,418
chr2_170000000,419
chr2_171000000,420
chr2_172000000,421
chr2_173000000,422
chr2_174000000,423
chr2_175000000,424
chr2_176000000,425
chr2_177000000,426
chr2_178000000,427
chr2_179000000,428
chr2_180000000,429
chr2_181000000,430
chr2_182000000,431
chr2_183000000,432
chr2_184000000,433
chr2_185000000,434
chr2_186000000,435
chr2_187000000,436
chr2_188000000,437
chr2_189000000,438
chr2_190000000,439
chr2_191000000,440
chr2_192000000,441
chr2_193000000,442
chr2_194000000,443
chr2_195000000,444
chr2_196000000,445
chr2_197000000,446
chr2_198000000,447
chr2_199000000,448
chr2_200000000,449
chr2_201000000,450
chr2_202000000,451
chr2_203000000,452
chr2_204000000,453
chr2_205000000,454
chr2_206000000,455
chr2_207000000,456
chr2_208000000,457
chr2_209000000,458
chr2_210000000,459
chr2_211000000,460
chr2_212000000,461
chr2_213000000,462
chr2_214000000,463
chr2_215000000,464
chr2_216000000,465
chr2_217000000,466
chr2_218000000,467
chr2_219000000,468
chr2_220000000,469
chr2_221000000,470
chr2_222000000,471
chr2_223000000,472
chr2_224000000,473
chr2_225000000,474
chr2_226000000,475
chr2_227000000,476
chr2_228000000,477
chr2_229000000,478
chr2_230000000,479
chr2_231000000,480
chr2_232000000,481
chr2_233000000,482
chr2_234000000,483
chr2_235000000,484
chr2_236000000,485
chr2_237000000,486
chr2_238000000,487
chr2_239000000,488
chr2_240000000,489
chr2_241000000,490
chr2_242000000,491
chr3_0,492
chr3_1000000,493
chr3_2000000,494
chr3_3000000,495
chr3_4000000,496
chr3_5000000,497
chr3_6000000,498
chr3_7000000,499
chr3_8000000,500
chr3_9000000,501
chr3_10000000,502
chr3_11000000,503
chr3_12000000,504
chr3_13000000,505
chr3_14000000,506
chr3_15000000,507
chr3_16000000,508
chr3_17000000,509
chr3_18000000,510
chr3_19000000,511
chr3_20000000,512
chr3_21000000,513
chr3_22000000,514
chr3_23000000,515
chr3_24000000,516
chr3_25000000,517
chr3_26000000,518
chr3_27000000,519
chr3_28000000,520
chr3_29000000,521
chr3_30000000,522
chr3_31000000,523
chr3_32000000,524
chr3_33000000,525
chr3_34000000,526
chr3_35000000,527
chr3_36000000,528
chr3_37000000,529
chr3_38000000,530
chr3_39000000,531
chr3_40000000,532
chr3_41000000,533
chr3_42000000,534
chr3_43000000,535
chr3_44000000,536
chr3_45000000,537
chr3_46000000,538
chr3_47000000,539
chr3_48000000,540
chr3_49000000,541
chr3_50000000,542
chr3_51000000,543
chr3_52000000,544
chr3_53000000,545
chr3_54000000,546
chr3_55000000,547
chr3_56000000,548
chr3_57000000,549
chr3_58000000,550
chr3_59000000,551
chr3_60000000,552
chr3_61000000,553
chr3_62000000,554
chr3_63000000,555
chr3_64000000,556
chr3_65000000,557
chr3_66000000,558
chr3_67000000,559
chr3_68000000,560
chr3_69000000,561
chr3_70000000,562
chr3_71000000,563
chr3_72000000,564
chr3_73000000,565
chr3_74000000,566
chr3_75000000,567
chr3_76000000,568
chr3_77000000,569
chr3_78000000,570
chr3_79000000,571
chr3_80000000,572
chr3_81000000,573
chr3_82000000,574
chr3_83000000,575
chr3_84000000,576
chr3_85000000,577
chr3_86000000,578
chr3_87000000,579
chr3_88000000,580
chr3_89000000,581
chr3_90000000,582
chr3_91000000,583
chr3_92000000,584
chr3_93000000,585
chr3_94000000,586
chr3_95000000,587
chr3_96000000,588
chr3_97000000,589
chr3_98000000,590
chr3_99000000,591
chr3_100000000,592
chr3_101000000,593
chr3_102000000,594
chr3_103000000,595
chr3_104000000,596
chr3_105000000,597
chr3_106000000,598
chr3_107000000,599
chr3_108000000,600
chr3_109000000,601
chr3_110000000,602
chr3_111000000,603
chr3_112000000,604
chr3_113000000,605
chr3_114000000,606
chr3_115000000,607
chr3_116000000,608
chr3_117000000,609
chr3_118000000,610
chr3_119000000,611
chr3_120000000,612
chr3_121000000,613
chr3_122000000,614
chr3_123000000,615
chr3_124000000,616
chr3_125000000,617
chr3_126000000,618
chr3_127000000,619
chr3_128000000,620
chr3_129000000,621
chr3_130000000,622
chr3_131000000,623
chr3_132000000,624
chr3_133000000,625
chr3_134000000,626
chr3_135000000,627
chr3_136000000,628
chr3_137000000,629
chr3_138000000,630
chr3_139000000,631
chr3_140000000,632
chr3_141000000,633
chr3_142000000,634
chr3_143000000,635
chr3_144000000,636
chr3_145000000,637
chr3_146000000,638
chr3_147000000,639
chr3_148000000,640
chr3_149000000,641
chr3_150000000,642
chr3_151000000,643
chr3_152000000,644
chr3_153000000,645
chr3_154000000,646
chr3_155000000,647
chr3_156000000,648
chr3_157000000,649
chr3_158000000,650
chr3_159000000,651
chr3_160000000,652
chr3_161000000,653
chr3_162000000,654
chr3_163000000,655
chr3_164000000,656
chr3_165000000,657
chr3_166000000,658
chr3_167000000,659
chr3_168000000,660
chr3_169000000,661
chr3_170000000,662
chr3_171000000,663
chr3_172000000,664
chr3_173000000,665
chr3_174000000,666
chr3_175000000,667
chr3_176000000,668
chr3_177000000,669
chr3_178000000,670
chr3_179000000,671
chr3_180000000,672
chr3_181000000,673
chr3_182000000,674
chr3_183000000,675
chr3_184000000,676
chr3_185000000,677
chr3_186000000,678
chr3_187000000,679
chr3_188000000,680
chr3_189000000,681
chr3_190000000,682
chr3_191000000,683
chr3_192000000,684
chr3_193000000,685
chr3_194000000,686
chr3_195000000,687
chr3_196000000,688
chr3_197000000,689
chr3_198000000,690
chr4_0,691
chr4_1000000,692
chr4_2000000,693
chr4_3000000,694
chr4_4000000,695
chr4_5000000,696
chr4_6000000,697
chr4_7000000,698
chr4_8000000,699
chr4_9000000,700
chr4_10000000,701
chr4_11000000,702
chr4_12000000,703
chr4_13000000,704
chr4_14000000,705
chr4_15000000,706
chr4_16000000,707
chr4_17000000,708
chr4_18000000,709
chr4_19000000,710
chr4_20000000,711
chr4_21000000,712
chr4_22000000,713
chr4_23000000,714
chr4_24000000,715
chr4_25000000,716
chr4_26000000,717
chr4_27000000,718
chr4_28000000,719
chr4_29000000,720
chr4_30000000,721
chr4_31000000,722
chr4_32000000,723
chr4_33000000,724
chr4_34000000,725
chr4_35000000,726
chr4_36000000,727
chr4_37000000,728
chr4_38000000,729
chr4_39000000,730
chr4_40000000,731
chr4_41000000,732
chr4_42000000,733
chr4_43000000,734
chr4_44000000,735
chr4_45000000,736
chr4_46000000,737
chr4_47000000,738
chr4_48000000,739
chr4_49000000,740
chr4_50000000,741
chr4_51000000,742
chr4_52000000,743
chr4_53000000,744
chr4_54000000,745
chr4_55000000,746
chr4_56000000,747
chr4_57000000,748
chr4_58000000,749
chr4_59000000,750
chr4_60000000,751
chr4_61000000,752
chr4_62000000,753
chr4_63000000,754
chr4_64000000,755
chr4_65000000,756
chr4_66000000,757
chr4_67000000,758
chr4_68000000,759
chr4_69000000,760
chr4_70000000,761
chr4_71000000,762
chr4_72000000,763
chr4_73000000,764
chr4_74000000,765
chr4_75000000,766
chr4_76000000,767
chr4_77000000,768
chr4_78000000,769
chr4_79000000,770
chr4_80000000,771
chr4_81000000,772
chr4_82000000,773
chr4_83000000,774
chr4_84000000,775
chr4_85000000,776
chr4_86000000,777
chr4_87000000,778
chr4_88000000,779
chr4_89000000,780
chr4_90000000,781
chr4_91000000,782
chr4_92000000,783
chr4_93000000,784
chr4_94000000,785
chr4_95000000,786
chr4_96000000,787
chr4_97000000,788
chr4_98000000,789
chr4_99000000,790
chr4_100000000,791
chr4_101000000,792
chr4_102000000,793
chr4_103000000,794
chr4_104000000,795
chr4_105000000,796
chr4_106000000,797
chr4_107000000,798
chr4_108000000,799
chr4_109000000,800
chr4_110000000,801
chr4_111000000,802
chr4_112000000,803
chr4_113000000,804
chr4_114000000,805
chr4_115000000,806
chr4_116000000,807
chr4_117000000,808
chr4_118000000,809
chr4_119000000,810
chr4_120000000,811
chr4_121000000,812
chr4_122000000,813
chr4_123000000,814
chr4_124000000,815
chr4_125000000,816
chr4_126000000,817
chr4_127000000,818
chr4_128000000,819
chr4_129000000,820
chr4_130000000,821
chr4_131000000,822
chr4_132000000,823
chr4_133000000,824
chr4_134000000,825
chr4_135000000,826
chr4_136000000,827
chr4_137000000,828
chr4_138000000,829
chr4_139000000,830
chr4_140000000,831
chr4_141000000,832
chr4_142000000,833
chr4_143000000,834
chr4_144000000,835
chr4_145000000,836
chr4_146000000,837
chr4_147000000,838
chr4_148000000,839
chr4_149000000,840
chr4_150000000,841
chr4_151000000,842
chr4_152000000,843
chr4_153000000,844
chr4_154000000,845
chr4_155000000,846
chr4_156000000,847
chr4_157000000,848
chr4_158000000,849
chr4_159000000,850
chr4_160000000,851
chr4_161000000,852
chr4_162000000,853
chr4_163000000,854
chr4_164000000,855
chr4_165000000,856
chr4_166000000,857
chr4_167000000,858
chr4_168000000,859
chr4_169000000,860
chr4_170000000,861
chr4_171000000,862
chr4_172000000,863
chr4_173000000,864
chr4_174000000,865
chr4_175000000,866
chr4_176000000,867
chr4_177000000,868
chr4_178000000,869
chr4_179000000,870
chr4_180000000,871
chr4_181000000,872
chr4_182000000,873
chr4_183000000,874
chr4_184000000,875
chr4_185000000,876
chr4_186000000,877
chr4_187000000,878
chr4_188000000,879
chr4_189000000,880
chr4_190000000,881
chr5_0,882
chr5_1000000,883
chr5_2000000,884
chr5_3000000,885
chr5_4000000,886
chr5_5000000,887
chr5_6000000,888
chr5_7000000,889
chr5_8000000,890
chr5_9000000,891
chr5_10000000,892
chr5_11000000,893
chr5_12000000,894
chr5_13000000,895
chr5_14000000,896
chr5_15000000,897
chr5_16000000,898
chr5_17000000,899
chr5_18000000,900
chr5_19000000,901
chr5_20000000,902
chr5_21000000,903
chr5_22000000,904
chr5_23000000,905
chr5_24000000,906
chr5_25000000,907
chr5_26000000,908
chr5_27000000,909
chr5_28000000,910
chr5_29000000,911
chr5_30000000,912
chr5_31000000,913
chr5_32000000,914
chr5_33000000,915
chr5_34000000,916
chr5_35000000,917
chr5_36000000,918
chr5_37000000,919
chr5_38000000,920
chr5_39000000,921
chr5_40000000,922
chr5_41000000,923
chr5_42000000,924
chr5_43000000,925
chr5_44000000,926
chr5_45000000,927
chr5_46000000,928
chr5_47000000,929
chr5_48000000,930
chr5_49000000,931
chr5_50000000,932
chr5_51000000,933
chr5_52000000,934
chr5_53000000,935
chr5_54000000,936
chr5_55000000,937
chr5_56000000,938
chr5_57000000,939
chr5_58000000,940
chr5_59000000,941
chr5_60000000,942
chr5_61000000,943
chr5_62000000,944
chr5_63000000,945
chr5_64000000,946
chr5_65000000,947
chr5_66000000,948
chr5_67000000,949
chr5_68000000,950
chr5_69000000,951
chr5_70000000,952
chr5_71000000,953
chr5_72000000,954
chr5_73000000,955
chr5_74000000,956
chr5_75000000,957
chr5_76000000,958
chr5_77000000,959
chr5_78000000,960
chr5_79000000,961
chr5_80000000,962
chr5_81000000,963
chr5_82000000,964
chr5_83000000,965
chr5_84000000,966
chr5_85000000,967
chr5_86000000,968
chr5_87000000,969
chr5_88000000,970
chr5_89000000,971
chr5_90000000,972
chr5_91000000,973
chr5_92000000,974
chr5_93000000,975
chr5_94000000,976
chr5_95000000,977
chr5_96000000,978
chr5_97000000,979
chr5_98000000,980
chr5_99000000,981
chr5_100000000,982
chr5_101000000,983
chr5_102000000,984
chr5_103000000,985
chr5_104000000,986
chr5_105000000,987
chr5_106000000,988
chr5_107000000,989
chr5_108000000,990
chr5_109000000,991
chr5_110000000,992
chr5_111000000,993
chr5_112000000,994
chr5_113000000,995
chr5_114000000,996
chr5_115000000,997
chr5_116000000,998
chr5_117000000,999
chr5_118000000,1000
chr5_119000000,1001
chr5_120000000,1002
chr5_121000000,1003
chr5_122000000,1004
chr5_123000000,1005
chr5_124000000,1006
chr5_125000000,1007
chr5_126000000,1008
chr5_127000000,1009
chr5_128000000,1010
chr5_129000000,1011
chr5_130000000,1012
chr5_131000000,1013
chr5_132000000,1014
chr5_133000000,1015
chr5_134000000,1016
chr5_135000000,1017
chr5_136000000,1018
chr5_137000000,1019
chr5_138000000,1020
chr5_139000000,1021
chr5_140000000,1022
chr5_141000000,1023
chr5_142000000,1024
chr5_143000000,1025
chr5_144000000,1026
chr5_145000000,1027
chr5_146000000,1028
chr5_147000000,1029
chr5_148000000,1030
chr5_149000000,1031
chr5_150000000,1032
chr5_151000000,1033
chr5_152000000,1034
chr5_153000000,1035
chr5_154000000,1036
chr5_155000000,1037
chr5_156000000,1038
chr5_157000000,1039
chr5_158000000,1040
chr5_159000000,1041
chr5_160000000,1042
chr5_161000000,1043
chr5_162000000,1044
chr5_163000000,1045
chr5_164000000,1046
chr5_165000000,1047
chr5_166000000,1048
chr5_167000000,1049
chr5_168000000,1050
chr5_169000000,1051
chr5_170000000,1052
chr5_171000000,1053
chr5_172000000,1054
chr5_173000000,1055
chr5_174000000,1056
chr5_175000000,1057
chr5_176000000,1058
chr5_177000000,1059
chr5_178000000,1060
chr5_179000000,1061
chr5_180000000,1062
chr5_181000000,1063
chr6_0,1064
chr6_1000000,1065
chr6_2000000,1066
chr6_3000000,1067
chr6_4000000,1068
chr6_5000000,1069
chr6_6000000,1070
chr6_7000000,1071
chr6_8000000,1072
chr6_9000000,1073
chr6_10000000,1074
chr6_11000000,1075
chr6_12000000,1076
chr6_13000000,1077
chr6_14000000,1078
chr6_15000000,1079
chr6_16000000,1080
chr6_17000000,1081
chr6_18000000,1082
chr6_19000000,1083
chr6_20000000,1084
chr6_21000000,1085
chr6_22000000,1086
chr6_23000000,1087
chr6_24000000,1088
chr6_25000000,1089
chr6_26000000,1090
chr6_27000000,1091
chr6_28000000,1092
chr6_29000000,1093
chr6_30000000,1094
chr6_31000000,1095
chr6_32000000,1096
chr6_33000000,1097
chr6_34000000,1098
chr6_35000000,1099
chr6_36000000,1100
chr6_37000000,1101
chr6_38000000,1102
chr6_39000000,1103
chr6_40000000,1104
chr6_41000000,1105
chr6_42000000,1106
chr6_43000000,1107
chr6_44000000,1108
chr6_45000000,1109
chr6_46000000,1110
chr6_47000000,1111
chr6_48000000,1112
chr6_49000000,1113
chr6_50000000,1114
chr6_51000000,1115
chr6_52000000,1116
chr6_53000000,1117
chr6_54000000,1118
chr6_55000000,1119
chr6_56000000,1120
chr6_57000000,1121
chr6_58000000,1122
chr6_59000000,1123
chr6_60000000,1124
chr6_61000000,1125
chr6_62000000,1126
chr6_63000000,1127
chr6_64000000,1128
chr6_65000000,1129
chr6_66000000,1130
chr6_67000000,1131
chr6_68000000,1132
chr6_69000000,1133
chr6_70000000,1134
chr6_71000000,1135
chr6_72000000,1136
chr6_73000000,1137
chr6_74000000,1138
chr6_75000000,1139
chr6_76000000,1140
chr6_77000000,1141
chr6_78000000,1142
chr6_79000000,1143
chr6_80000000,1144
chr6_81000000,1145
chr6_82000000,1146
chr6_83000000,1147
chr6_84000000,1148
chr6_85000000,1149
chr6_86000000,1150
chr6_87000000,1151
chr6_88000000,1152
chr6_89000000,1153
chr6_90000000,1154
chr6_91000000,1155
chr6_92000000,1156
chr6_93000000,1157
chr6_94000000,1158
chr6_95000000,1159
chr6_96000000,1160
chr6_97000000,1161
chr6_98000000,1162
chr6_99000000,1163
chr6_100000000,1164
chr6_101000000,1165
chr6_102000000,1166
chr6_103000000,1167
chr6_104000000,1168
chr6_105000000,1169
chr6_106000000,1170
chr6_107000000,1171
chr6_108000000,1172
chr6_109000000,1173
chr6_110000000,1174
chr6_111000000,1175
chr6_112000000,1176
chr6_113000000,1177
chr6_114000000,1178
chr6_115000000,1179
chr6_116000000,1180
chr6_117000000,1181
chr6_118000000,1182
chr6_119000000,1183
chr6_120000000,1184
chr6_121000000,1185
chr6_122000000,1186
chr6_123000000,1187
chr6_124000000,1188
chr6_125000000,1189
chr6_126000000,1190
chr6_127000000,1191
chr6_128000000,1192
chr6_129000000,1193
chr6_130000000,1194
chr6_131000000,1195
chr6_132000000,1196
chr6_133000000,1197
chr6_134000000,1198
chr6_135000000,1199
chr6_136000000,1200
chr6_137000000,1201
chr6_138000000,1202
chr6_139000000,1203
chr6_140000000,1204
chr6_141000000,1205
chr6_142000000,1206
chr6_143000000,1207
chr6_144000000,1208
chr6_145000000,1209
chr6_146000000,1210
chr6_147000000,1211
chr6_148000000,1212
chr6_149000000,1213
chr6_150000000,1214
chr6_151000000,1215
chr6_152000000,1216
chr6_153000000,1217
chr6_154000000,1218
chr6_155000000,1219
chr6_156000000,1220
chr6_157000000,1221
chr6_158000000,1222
chr6_159000000,1223
chr6_160000000,1224
chr6_161000000,1225
chr6_162000000,1226
chr6_163000000,1227
chr6_164000000,1228
chr6_165000000,1229
chr6_166000000,1230
chr6_167000000,1231
chr6_168000000,1232
chr6_169000000,1233
chr6_170000000,1234
chr7_0,1235
chr7_1000000,1236
chr7_2000000,1237
chr7_3000000,1238
chr7_4000000,1239
chr7_5000000,1240
chr7_6000000,1241
chr7_7000000,1242
chr7_8000000,1243
chr7_9000000,1244
chr7_10000000,1245
chr7_11000000,1246
chr7_12000000,1247
chr7_13000000,1248
chr7_14000000,1249
chr7_15000000,1250
chr7_16000000,1251
chr7_17000000,1252
chr7_18000000,1253
chr7_19000000,1254
chr7_20000000,1255
chr7_21000000,1256
chr7_22000000,1257
chr7_23000000,1258
chr7_24000000,1259
chr7_25000000,1260
chr7_26000000,1261
chr7_27000000,1262
chr7_28000000,1263
chr7_29000000,1264
chr7_30000000,1265
chr7_31000000,1266
chr7_32000000,1267
chr7_33000000,1268
chr7_34000000,1269
chr7_35000000,1270
chr7_36000000,1271
chr7_37000000,1272
chr7_38000000,1273
chr7_39000000,1274
chr7_40000000,1275
chr7_41000000,1276
chr7_42000000,1277
chr7_43000000,1278
chr7_44000000,1279
chr7_45000000,1280
chr7_46000000,1281
chr7_47000000,1282
chr7_48000000,1283
chr7_49000000,1284
chr7_50000000,1285
chr7_51000000,1286
chr7_52000000,1287
chr7_53000000,1288
chr7_54000000,1289
chr7_55000000,1290
chr7_56000000,1291
chr7_57000000,1292
chr7_58000000,1293
chr7_59000000,1294
chr7_60000000,1295
chr7_61000000,1296
chr7_62000000,1297
chr7_63000000,1298
chr7_64000000,1299
chr7_65000000,1300
chr7_66000000,1301
chr7_67000000,1302
chr7_68000000,1303
chr7_69000000,1304
chr7_70000000,1305
chr7_71000000,1306
chr7_72000000,1307
chr7_73000000,1308
chr7_74000000,1309
chr7_75000000,1310
chr7_76000000,1311
chr7_77000000,1312
chr7_78000000,1313
chr7_79000000,1314
chr7_80000000,1315
chr7_81000000,1316
chr7_82000000,1317
chr7_83000000,1318
chr7_84000000,1319
chr7_85000000,1320
chr7_86000000,1321
chr7_87000000,1322
chr7_88000000,1323
chr7_89000000,1324
chr7_90000000,1325
chr7_91000000,1326
chr7_92000000,1327
chr7_93000000,1328
chr7_94000000,1329
chr7_95000000,1330
chr7_96000000,1331
chr7_97000000,1332
chr7_98000000,1333
chr7_99000000,1334
chr7_100000000,1335
chr7_101000000,1336
chr7_102000000,1337
chr7_103000000,1338
chr7_104000000,1339
chr7_105000000,1340
chr7_106000000,1341
chr7_107000000,1342
chr7_108000000,1343
chr7_109000000,1344
chr7_110000000,1345
chr7_111000000,1346
chr7_112000000,1347
chr7_113000000,1348
chr7_114000000,1349
chr7_115000000,1350
chr7_116000000,1351
chr7_117000000,1352
chr7_118000000,1353
chr7_119000000,1354
chr7_120000000,1355
chr7_121000000,1356
chr7_122000000,1357
chr7_123000000,1358
chr7_124000000,1359
chr7_125000000,1360
chr7_126000000,1361
chr7_127000000,1362
chr7_128000000,1363
chr7_129000000,1364
chr7_130000000,1365
chr7_131000000,1366
chr7_132000000,1367
chr7_133000000,1368
chr7_134000000,1369
chr7_135000000,1370
chr7_136000000,1371
chr7_137000000,1372
chr7_138000000,1373
chr7_139000000,1374
chr7_140000000,1375
chr7_141000000,1376
chr7_142000000,1377
chr7_143000000,1378
chr7_144000000,1379
chr7_145000000,1380
chr7_146000000,1381
chr7_147000000,1382
chr7_148000000,1383
chr7_149000000,1384
chr7_150000000,1385
chr7_151000000,1386
chr7_152000000,1387
chr7_153000000,1388
chr7_154000000,1389
chr7_155000000,1390
chr7_156000000,1391
chr7_157000000,1392
chr7_158000000,1393
chr7_159000000,1394
chr8_0,1395
chr8_1000000,1396
chr8_2000000,1397
chr8_3000000,1398
chr8_4000000,1399
chr8_5000000,1400
chr8_6000000,1401
chr8_7000000,1402
chr8_8000000,1403
chr8_9000000,1404
chr8_10000000,1405
chr8_11000000,1406
chr8_12000000,1407
chr8_13000000,1408
chr8_14000000,1409
chr8_15000000,1410
chr8_16000000,1411
chr8_17000000,1412
chr8_18000000,1413
chr8_19000000,1414
chr8_20000000,1415
chr8_21000000,1416
chr8_22000000,1417
chr8_23000000,1418
chr8_24000000,1419
chr8_25000000,1420
chr8_26000000,1421
chr8_27000000,1422
chr8_28000000,1423
chr8_29000000,1424
chr8_30000000,1425
chr8_31000000,1426
chr8_32000000,1427
chr8_33000000,1428
chr8_34000000,1429
chr8_35000000,1430
chr8_36000000,1431
chr8_37000000,1432
chr8_38000000,1433
chr8_39000000,1434
chr8_40000000,1435
chr8_41000000,1436
chr8_42000000,1437
chr8_43000000,1438
chr8_44000000,1439
chr8_45000000,1440
chr8_46000000,1441
chr8_47000000,1442
chr8_48000000,1443
chr8_49000000,1444
chr8_50000000,1445
chr8_51000000,1446
chr8_52000000,1447
chr8_53000000,1448
chr8_54000000,1449
chr8_55000000,1450
chr8_56000000,1451
chr8_57000000,1452
chr8_58000000,1453
chr8_59000000,1454
chr8_60000000,1455
chr8_61000000,1456
chr8_62000000,1457
chr8_63000000,1458
chr8_64000000,1459
chr8_65000000,1460
chr8_66000000,1461
chr8_67000000,1462
chr8_68000000,1463
chr8_69000000,1464
chr8_70000000,1465
chr8_71000000,1466
chr8_72000000,1467
chr8_73000000,1468
chr8_74000000,1469
chr8_75000000,1470
chr8_76000000,1471
chr8_77000000,1472
chr8_78000000,1473
chr8_79000000,1474
chr8_80000000,1475
chr8_81000000,1476
chr8_82000000,1477
chr8_83000000,1478
chr8_84000000,1479
chr8_85000000,1480
chr8_86000000,1481
chr8_87000000,1482
chr8_88000000,1483
chr8_89000000,1484
chr8_90000000,1485
chr8_91000000,1486
chr8_92000000,1487
chr8_93000000,1488
chr8_94000000,1489
chr8_95000000,1490
chr8_96000000,1491
chr8_97000000,1492
chr8_98000000,1493
chr8_99000000,1494
chr8_100000000,1495
chr8_101000000,1496
chr8_102000000,1497
chr8_103000000,1498
chr8_104000000,1499
chr8_105000000,1500
chr8_106000000,1501
chr8_107000000,1502
chr8_108000000,1503
chr8_109000000,1504
chr8_110000000,1505
chr8_111000000,1506
chr8_112000000,1507
chr8_113000000,1508
chr8_114000000,1509
chr8_115000000,1510
chr8_116000000,1511
chr8_117000000,1512
chr8_118000000,1513
chr8_119000000,1514
chr8_120000000,1515
chr8_121000000,1516
chr8_122000000,1517
chr8_123000000,1518
chr8_124000000,1519
chr8_125000000,1520
chr8_126000000,1521
chr8_127000000,1522
chr8_128000000,1523
chr8_129000000,1524
chr8_130000000,1525
chr8_131000000,1526
chr8_132000000,1527
chr8_133000000,1528
chr8_134000000,1529
chr8_135000000,1530
chr8_136000000,1531
chr8_137000000,1532
chr8_138000000,1533
chr8_139000000,1534
chr8_140000000,1535
chr8_141000000,1536
chr8_142000000,1537
chr8_143000000,1538
chr8_144000000,1539
chr8_145000000,1540
chr9_0,1541
chr9_1000000,1542
chr9_2000000,1543
chr9_3000000,1544
chr9_4000000,1545
chr9_5000000,1546
chr9_6000000,1547
chr9_7000000,1548
chr9_8000000,1549
chr9_9000000,1550
chr9_10000000,1551
chr9_11000000,1552
chr9_12000000,1553
chr9_13000000,1554
chr9_14000000,1555
chr9_15000000,1556
chr9_16000000,1557
chr9_17000000,1558
chr9_18000000,1559
chr9_19000000,1560
chr9_20000000,1561
chr9_21000000,1562
chr9_22000000,1563
chr9_23000000,1564
chr9_24000000,1565
chr9_25000000,1566
chr9_26000000,1567
chr9_27000000,1568
chr9_28000000,1569
chr9_29000000,1570
chr9_30000000,1571
chr9_31000000,1572
chr9_32000000,1573
chr9_33000000,1574
chr9_34000000,1575
chr9_35000000,1576
chr9_36000000,1577
chr9_37000000,1578
chr9_38000000,1579
chr9_39000000,1580
chr9_40000000,1581
chr9_41000000,1582
chr9_42000000,1583
chr9_43000000,1584
chr9_44000000,1585
chr9_45000000,1586
chr9_46000000,1587
chr9_47000000,1588
chr9_48000000,1589
chr9_49000000,1590
chr9_50000000,1591
chr9_51000000,1592
chr9_52000000,1593
chr9_53000000,1594
chr9_54000000,1595
chr9_55000000,1596
chr9_56000000,1597
chr9_57000000,1598
chr9_58000000,1599
chr9_59000000,1600
chr9_60000000,1601
chr9_61000000,1602
chr9_62000000,1603
chr9_63000000,1604
chr9_64000000,1605
chr9_65000000,1606
chr9_66000000,1607
chr9_67000000,1608
chr9_68000000,1609
chr9_69000000,1610
chr9_70000000,1611
chr9_71000000,1612
chr9_72000000,1613
chr9_73000000,1614
chr9_74000000,1615
chr9_75000000,1616
chr9_76000000,1617
chr9_77000000,1618
chr9_78000000,1619
chr9_79000000,1620
chr9_80000000,1621
chr9_81000000,1622
chr9_82000000,1623
chr9_83000000,1624
chr9_84000000,1625
chr9_85000000,1626
chr9_86000000,1627
chr9_87000000,1628
chr9_88000000,1629
chr9_89000000,1630
chr9_90000000,1631
chr9_91000000,1632
chr9_92000000,1633
chr9_93000000,1634
chr9_94000000,1635
chr9_95000000,1636
chr9_96000000,1637
chr9_97000000,1638
chr9_98000000,1639
chr9_99000000,1640
chr9_100000000,1641
chr9_101000000,1642
chr9_102000000,1643
chr9_103000000,1644
chr9_104000000,1645
chr9_105000000,1646
chr9_106000000,1647
chr9_107000000,1648
chr9_108000000,1649
chr9_109000000,1650
chr9_110000000,1651
chr9_111000000,1652
chr9_112000000,1653
chr9_113000000,1654
chr9_114000000,1655
chr9_115000000,1656
chr9_116000000,1657
chr9_117000000,1658
chr9_118000000,1659
chr9_119000000,1660
chr9_120000000,1661
chr9_121000000,1662
chr9_122000000,1663
chr9_123000000,1664
chr9_124000000,1665
chr9_125000000,1666
chr9_126000000,1667
chr9_127000000,1668
chr9_128000000,1669
chr9_129000000,1670
chr9_130000000,1671
chr9_131000000,1672
chr9_132000000,1673
chr9_133000000,1674
chr9_134000000,1675
chr9_135000000,1676
chr9_136000000,1677
chr9_137000000,1678
chr9_138000000,1679
chr10_0,1680
chr10_1000000,1681
chr10_2000000,1682
chr10_3000000,1683
chr10_4000000,1684
chr10_5000000,1685
chr10_6000000,1686
chr10_7000000,1687
chr10_8000000,1688
chr10_9000000,1689
chr10_10000000,1690
chr10_11000000,1691
chr10_12000000,1692
chr10_13000000,1693
chr10_14000000,1694
chr10_15000000,1695
chr10_16000000,1696
chr10_17000000,1697
chr10_18000000,1698
chr10_19000000,1699
chr10_20000000,1700
chr10_21000000,1701
chr10_22000000,1702
chr10_23000000,1703
chr10_24000000,1704
chr10_25000000,1705
chr10_26000000,1706
chr10_27000000,1707
chr10_28000000,1708
chr10_29000000,1709
chr10_30000000,1710
chr10_31000000,1711
chr10_32000000,1712
chr10_33000000,1713
chr10_34000000,1714
chr10_35000000,1715
chr10_36000000,1716
chr10_37000000,1717
chr10_38000000,1718
chr10_39000000,1719
chr10_40000000,1720
chr10_41000000,1721
chr10_42000000,1722
chr10_43000000,1723
chr10_44000000,1724
chr10_45000000,1725
chr10_46000000,1726
chr10_47000000,1727
chr10_48000000,1728
chr10_49000000,1729
chr10_50000000,1730
chr10_51000000,1731
chr10_52000000,1732
chr10_53000000,1733
chr10_54000000,1734
chr10_55000000,1735
chr10_56000000,1736
chr10_57000000,1737
chr10_58000000,1738
chr10_59000000,1739
chr10_60000000,1740
chr10_61000000,1741
chr10_62000000,1742
chr10_63000000,1743
chr10_64000000,1744
chr10_65000000,1745
chr10_66000000,1746
chr10_67000000,1747
chr10_68000000,1748
chr10_69000000,1749
chr10_70000000,1750
chr10_71000000,1751
chr10_72000000,1752
chr10_73000000,1753
chr10_74000000,1754
chr10_75000000,1755
chr10_76000000,1756
chr10_77000000,1757
chr10_78000000,1758
chr10_79000000,1759
chr10_80000000,1760
chr10_81000000,1761
chr10_82000000,1762
chr10_83000000,1763
chr10_84000000,1764
chr10_85000000,1765
chr10_86000000,1766
chr10_87000000,1767
chr10_88000000,1768
chr10_89000000,1769
chr10_90000000,1770
chr10_91000000,1771
chr10_92000000,1772
chr10_93000000,1773
chr10_94000000,1774
chr10_95000000,1775
chr10_96000000,1776
chr10_97000000,1777
chr10_98000000,1778
chr10_99000000,1779
chr10_100000000,1780
chr10_101000000,1781
chr10_102000000,1782
chr10_103000000,1783
chr10_104000000,1784
chr10_105000000,1785
chr10_106000000,1786
chr10_107000000,1787
chr10_108000000,1788
chr10_109000000,1789
chr10_110000000,1790
chr10_111000000,1791
chr10_112000000,1792
chr10_113000000,1793
chr10_114000000,1794
chr10_115000000,1795
chr10_116000000,1796
chr10_117000000,1797
chr10_118000000,1798
chr10_119000000,1799
chr10_120000000,1800
chr10_121000000,1801
chr10_122000000,1802
chr10_123000000,1803
chr10_124000000,1804
chr10_125000000,1805
chr10_126000000,1806
chr10_127000000,1807
chr10_128000000,1808
chr10_129000000,1809
chr10_130000000,1810
chr10_131000000,1811
chr10_132000000,1812
chr10_133000000,1813
chr11_0,1814
chr11_1000000,1815
chr11_2000000,1816
chr11_3000000,1817
chr11_4000000,1818
chr11_5000000,1819
chr11_6000000,1820
chr11_7000000,1821
chr11_8000000,1822
chr11_9000000,1823
chr11_10000000,1824
chr11_11000000,1825
chr11_12000000,1826
chr11_13000000,1827
chr11_14000000,1828
chr11_15000000,1829
chr11_16000000,1830
chr11_17000000,1831
chr11_18000000,1832
chr11_19000000,1833
chr11_20000000,1834
chr11_21000000,1835
chr11_22000000,1836
chr11_23000000,1837
chr11_24000000,1838
chr11_25000000,1839
chr11_26000000,1840
chr11_27000000,1841
chr11_28000000,1842
chr11_29000000,1843
chr11_30000000,1844
chr11_31000000,1845
chr11_32000000,1846
chr11_33000000,1847
chr11_34000000,1848
chr11_35000000,1849
chr11_36000000,1850
chr11_37000000,1851
chr11_38000000,1852
chr11_39000000,1853
chr11_40000000,1854
chr11_41000000,1855
chr11_42000000,1856
chr11_43000000,1857
chr11_44000000,1858
chr11_45000000,1859
chr11_46000000,1860
chr11_47000000,1861
chr11_48000000,1862
chr11_49000000,1863
chr11_50000000,1864
chr11_51000000,1865
chr11_52000000,1866
chr11_53000000,1867
chr11_54000000,1868
chr11_55000000,1869
chr11_56000000,1870
chr11_57000000,1871
chr11_58000000,1872
chr11_59000000,1873
chr11_60000000,1874
chr11_61000000,1875
chr11_62000000,1876
chr11_63000000,1877
chr11_64000000,1878
chr11_65000000,1879
chr11_66000000,1880
chr11_67000000,1881
chr11_68000000,1882
chr11_69000000,1883
chr11_70000000,1884
chr11_71000000,1885
chr11_72000000,1886
chr11_73000000,1887
chr11_74000000,1888
chr11_75000000,1889
chr11_76000000,1890
chr11_77000000,1891
chr11_78000000,1892
chr11_79000000,1893
chr11_80000000,1894
chr11_81000000,1895
chr11_82000000,1896
chr11_83000000,1897
chr11_84000000,1898
chr11_85000000,1899
chr11_86000000,1900
chr11_87000000,1901
chr11_88000000,1902
chr11_89000000,1903
chr11_90000000,1904
chr11_91000000,1905
chr11_92000000,1906
chr11_93000000,1907
chr11_94000000,1908
chr11_95000000,1909
chr11_96000000,1910
chr11_97000000,1911
chr11_98000000,1912
chr11_99000000,1913
chr11_100000000,1914
chr11_101000000,1915
chr11_102000000,1916
chr11_103000000,1917
chr11_104000000,1918
chr11_105000000,1919
chr11_106000000,1920
chr11_107000000,1921
chr11_108000000,1922
chr11_109000000,1923
chr11_110000000,1924
chr11_111000000,1925
chr11_112000000,1926
chr11_113000000,1927
chr11_114000000,1928
chr11_115000000,1929
chr11_116000000,1930
chr11_117000000,1931
chr11_118000000,1932
chr11_119000000,1933
chr11_120000000,1934
chr11_121000000,1935
chr11_122000000,1936
chr11_123000000,1937
chr11_124000000,1938
chr11_125000000,1939
chr11_126000000,1940
chr11_127000000,1941
chr11_128000000,1942
chr11_129000000,1943
chr11_130000000,1944
chr11_131000000,1945
chr11_132000000,1946
chr11_133000000,1947
chr11_134000000,1948
chr11_135000000,1949
chr12_0,1950
chr12_1000000,1951
chr12_2000000,1952
chr12_3000000,1953
chr12_4000000,1954
chr12_5000000,1955
chr12_6000000,1956
chr12_7000000,1957
chr12_8000000,1958
chr12_9000000,1959
chr12_10000000,1960
chr12_11000000,1961
chr12_12000000,1962
chr12_13000000,1963
chr12_14000000,1964
chr12_15000000,1965
chr12_16000000,1966
chr12_17000000,1967
chr12_18000000,1968
chr12_19000000,1969
chr12_20000000,1970
chr12_21000000,1971
chr12_22000000,1972
chr12_23000000,1973
chr12_24000000,1974
chr12_25000000,1975
chr12_26000000,1976
chr12_27000000,1977
chr12_28000000,1978
chr12_29000000,1979
chr12_30000000,1980
chr12_31000000,1981
chr12_32000000,1982
chr12_33000000,1983
chr12_34000000,1984
chr12_35000000,1985
chr12_36000000,1986
chr12_37000000,1987
chr12_38000000,1988
chr12_39000000,1989
chr12_40000000,1990
chr12_41000000,1991
chr12_42000000,1992
chr12_43000000,1993
chr12_44000000,1994
chr12_45000000,1995
chr12_46000000,1996
chr12_47000000,1997
chr12_48000000,1998
chr12_49000000,1999
chr12_50000000,2000
chr12_51000000,2001
chr12_52000000,2002
chr12_53000000,2003
chr12_54000000,2004
chr12_55000000,2005
chr12_56000000,2006
chr12_57000000,2007
chr12_58000000,2008
chr12_59000000,2009
chr12_60000000,2010
chr12_61000000,2011
chr12_62000000,2012
chr12_63000000,2013
chr12_64000000,2014
chr12_65000000,2015
chr12_66000000,2016
chr12_67000000,2017
chr12_68000000,2018
chr12_69000000,2019
chr12_70000000,2020
chr12_71000000,2021
chr12_72000000,2022
chr12_73000000,2023
chr12_74000000,2024
chr12_75000000,2025
chr12_76000000,2026
chr12_77000000,2027
chr12_78000000,2028
chr12_79000000,2029
chr12_80000000,2030
chr12_81000000,2031
chr12_82000000,2032
chr12_83000000,2033
chr12_84000000,2034
chr12_85000000,2035
chr12_86000000,2036
chr12_87000000,2037
chr12_88000000,2038
chr12_89000000,2039
chr12_90000000,2040
chr12_91000000,2041
chr12_92000000,2042
chr12_93000000,2043
chr12_94000000,2044
chr12_95000000,2045
chr12_96000000,2046
chr12_97000000,2047
chr12_98000000,2048
chr12_99000000,2049
chr12_100000000,2050
chr12_101000000,2051
chr12_102000000,2052
chr12_103000000,2053
chr12_104000000,2054
chr12_105000000,2055
chr12_106000000,2056
chr12_107000000,2057
chr12_108000000,2058
chr12_109000000,2059
chr12_110000000,2060
chr12_111000000,2061
chr12_112000000,2062
chr12_113000000,2063
chr12_114000000,2064
chr12_115000000,2065
chr12_116000000,2066
chr12_117000000,2067
chr12_118000000,2068
chr12_119000000,2069
chr12_120000000,2070
chr12_121000000,2071
chr12_122000000,2072
chr12_123000000,2073
chr12_124000000,2074
chr12_125000000,2075
chr12_126000000,2076
chr12_127000000,2077
chr12_128000000,2078
chr12_129000000,2079
chr12_130000000,2080
chr12_131000000,2081
chr12_132000000,2082
chr12_133000000,2083
chr13_0,2084
chr13_1000000,2085
chr13_2000000,2086
chr13_3000000,2087
chr13_4000000,2088
chr13_5000000,2089
chr13_6000000,2090
chr13_7000000,2091
chr13_8000000,2092
chr13_9000000,2093
chr13_10000000,2094
chr13_11000000,2095
chr13_12000000,2096
chr13_13000000,2097
chr13_14000000,2098
chr13_15000000,2099
chr13_16000000,2100
chr13_17000000,2101
chr13_18000000,2102
chr13_19000000,2103
chr13_20000000,2104
chr13_21000000,2105
chr13_22000000,2106
chr13_23000000,2107
chr13_24000000,2108
chr13_25000000,2109
chr13_26000000,2110
chr13_27000000,2111
chr13_28000000,2112
chr13_29000000,2113
chr13_30000000,2114
chr13_31000000,2115
chr13_32000000,2116
chr13_33000000,2117
chr13_34000000,2118
chr13_35000000,2119
chr13_36000000,2120
chr13_37000000,2121
chr13_38000000,2122
chr13_39000000,2123
chr13_40000000,2124
chr13_41000000,2125
chr13_42000000,2126
chr13_43000000,2127
chr13_44000000,2128
chr13_45000000,2129
chr13_46000000,2130
chr13_47000000,2131
chr13_48000000,2132
chr13_49000000,2133
chr13_50000000,2134
chr13_51000000,2135
chr13_52000000,2136
chr13_53000000,2137
chr13_54000000,2138
chr13_55000000,2139
chr13_56000000,2140
chr13_57000000,2141
chr13_58000000,2142
chr13_59000000,2143
chr13_60000000,2144
chr13_61000000,2145
chr13_62000000,2146
chr13_63000000,2147
chr13_64000000,2148
chr13_65000000,2149
chr13_66000000,2150
chr13_67000000,2151
chr13_68000000,2152
chr13_69000000,2153
chr13_70000000,2154
chr13_71000000,2155
chr13_72000000,2156
chr13_73000000,2157
chr13_74000000,2158
chr13_75000000,2159
chr13_76000000,2160
chr13_77000000,2161
chr13_78000000,2162
chr13_79000000,2163
chr13_80000000,2164
chr13_81000000,2165
chr13_82000000,2166
chr13_83000000,2167
chr13_84000000,2168
chr13_85000000,2169
chr13_86000000,2170
chr13_87000000,2171
chr13_88000000,2172
chr13_89000000,2173
chr13_90000000,2174
chr13_91000000,2175
chr13_92000000,2176
chr13_93000000,2177
chr13_94000000,2178
chr13_95000000,2179
chr13_96000000,2180
chr13_97000000,2181
chr13_98000000,2182
chr13_99000000,2183
chr13_100000000,2184
chr13_101000000,2185
chr13_102000000,2186
chr13_103000000,2187
chr13_104000000,2188
chr13_105000000,2189
chr13_106000000,2190
chr13_107000000,2191
chr13_108000000,2192
chr13_109000000,2193
chr13_110000000,2194
chr13_111000000,2195
chr13_112000000,2196
chr13_113000000,2197
chr13_114000000,2198
chr14_0,2199
chr14_1000000,2200
chr14_2000000,2201
chr14_3000000,2202
chr14_4000000,2203
chr14_5000000,2204
chr14_6000000,2205
chr14_7000000,2206
chr14_8000000,2207
chr14_9000000,2208
chr14_10000000,2209
chr14_11000000,2210
chr14_12000000,2211
chr14_13000000,2212
chr14_14000000,2213
chr14_15000000,2214
chr14_16000000,2215
chr14_17000000,2216
chr14_18000000,2217
chr14_19000000,2218
chr14_20000000,2219
chr14_21000000,2220
chr14_22000000,2221
chr14_23000000,2222
chr14_24000000,2223
chr14_25000000,2224
chr14_26000000,2225
chr14_27000000,2226
chr14_28000000,2227
chr14_29000000,2228
chr14_30000000,2229
chr14_31000000,2230
chr14_32000000,2231
chr14_33000000,2232
chr14_34000000,2233
chr14_35000000,2234
chr14_36000000,2235
chr14_37000000,2236
chr14_38000000,2237
chr14_39000000,2238
chr14_40000000,2239
chr14_41000000,2240
chr14_42000000,2241
chr14_43000000,2242
chr14_44000000,2243
chr14_45000000,2244
chr14_46000000,2245
chr14_47000000,2246
chr14_48000000,2247
chr14_49000000,2248
chr14_50000000,2249
chr14_51000000,2250
chr14_52000000,2251
chr14_53000000,2252
chr14_54000000,2253
chr14_55000000,2254
chr14_56000000,2255
chr14_57000000,2256
chr14_58000000,2257
chr14_59000000,2258
chr14_60000000,2259
chr14_61000000,2260
chr14_62000000,2261
chr14_63000000,2262
chr14_64000000,2263
chr14_65000000,2264
chr14_66000000,2265
chr14_67000000,2266
chr14_68000000,2267
chr14_69000000,2268
chr14_70000000,2269
chr14_71000000,2270
chr14_72000000,2271
chr14_73000000,2272
chr14_74000000,2273
chr14_75000000,2274
chr14_76000000,2275
chr14_77000000,2276
chr14_78000000,2277
chr14_79000000,2278
chr14_80000000,2279
chr14_81000000,2280
chr14_82000000,2281
chr14_83000000,2282
chr14_84000000,2283
chr14_85000000,2284
chr14_86000000,2285
chr14_87000000,2286
chr14_88000000,2287
chr14_89000000,2288
chr14_90000000,2289
chr14_91000000,2290
chr14_92000000,2291
chr14_93000000,2292
chr14_94000000,2293
chr14_95000000,2294
chr14_96000000,2295
chr14_97000000,2296
chr14_98000000,2297
chr14_99000000,2298
chr14_100000000,2299
chr14_101000000,2300
chr14_102000000,2301
chr14_103000000,2302
chr14_104000000,2303
chr14_105000000,2304
chr14_106000000,2305
chr14_107000000,2306
chr15_0,2307
chr15_1000000,2308
chr15_2000000,2309
chr15_3000000,2310
chr15_4000000,2311
chr15_5000000,2312
chr15_6000000,2313
chr15_7000000,2314
chr15_8000000,2315
chr15_9000000,2316
chr15_10000000,2317
chr15_11000000,2318
chr15_12000000,2319
chr15_13000000,2320
chr15_14000000,2321
chr15_15000000,2322
chr15_16000000,2323
chr15_17000000,2324
chr15_18000000,2325
chr15_19000000,2326
chr15_20000000,2327
chr15_21000000,2328
chr15_22000000,2329
chr15_23000000,2330
chr15_24000000,2331
chr15_25000000,2332
chr15_26000000,2333
chr15_27000000,2334
chr15_28000000,2335
chr15_29000000,2336
chr15_30000000,2337
chr15_31000000,2338
chr15_32000000,2339
chr15_33000000,2340
chr15_34000000,2341
chr15_35000000,2342
chr15_36000000,2343
chr15_37000000,2344
chr15_38000000,2345
chr15_39000000,2346
chr15_40000000,2347
chr15_41000000,2348
chr15_42000000,2349
chr15_43000000,2350
chr15_44000000,2351
chr15_45000000,2352
chr15_46000000,2353
chr15_47000000,2354
chr15_48000000,2355
chr15_49000000,2356
chr15_50000000,2357
chr15_51000000,2358
chr15_52000000,2359
chr15_53000000,2360
chr15_54000000,2361
chr15_55000000,2362
chr15_56000000,2363
chr15_57000000,2364
chr15_58000000,2365
chr15_59000000,2366
chr15_60000000,2367
chr15_61000000,2368
chr15_62000000,2369
chr15_63000000,2370
chr15_64000000,2371
chr15_65000000,2372
chr15_66000000,2373
chr15_67000000,2374
chr15_68000000,2375
chr15_69000000,2376
chr15_70000000,2377
chr15_71000000,2378
chr15_72000000,2379
chr15_73000000,2380
chr15_74000000,2381
chr15_75000000,2382
chr15_76000000,2383
chr15_77000000,2384
chr15_78000000,2385
chr15_79000000,2386
chr15_80000000,2387
chr15_81000000,2388
chr15_82000000,2389
chr15_83000000,2390
chr15_84000000,2391
chr15_85000000,2392
chr15_86000000,2393
chr15_87000000,2394
chr15_88000000,2395
chr15_89000000,2396
chr15_90000000,2397
chr15_91000000,2398
chr15_92000000,2399
chr15_93000000,2400
chr15_94000000,2401
chr15_95000000,2402
chr15_96000000,2403
chr15_97000000,2404
chr15_98000000,2405
chr15_99000000,2406
chr15_100000000,2407
chr15_101000000,2408
chr16_0,2409
chr16_1000000,2410
chr16_2000000,2411
chr16_3000000,2412
chr16_4000000,2413
chr16_5000000,2414
chr16_6000000,2415
chr16_7000000,2416
chr16_8000000,2417
chr16_9000000,2418
chr16_10000000,2419
chr16_11000000,2420
chr16_12000000,2421
chr16_13000000,2422
chr16_14000000,2423
chr16_15000000,2424
chr16_16000000,2425
chr16_17000000,2426
chr16_18000000,2427
chr16_19000000,2428
chr16_20000000,2429
chr16_21000000,2430
chr16_22000000,2431
chr16_23000000,2432
chr16_24000000,2433
chr16_25000000,2434
chr16_26000000,2435
chr16_27000000,2436
chr16_28000000,2437
chr16_29000000,2438
chr16_30000000,2439
chr16_31000000,2440
chr16_32000000,2441
chr16_33000000,2442
chr16_34000000,2443
chr16_35000000,2444
chr16_36000000,2445
chr16_37000000,2446
chr16_38000000,2447
chr16_39000000,2448
chr16_40000000,2449
chr16_41000000,2450
chr16_42000000,2451
chr16_43000000,2452
chr16_44000000,2453
chr16_45000000,2454
chr16_46000000,2455
chr16_47000000,2456
chr16_48000000,2457
chr16_49000000,2458
chr16_50000000,2459
chr16_51000000,2460
chr16_52000000,2461
chr16_53000000,2462
chr16_54000000,2463
chr16_55000000,2464
chr16_56000000,2465
chr16_57000000,2466
chr16_58000000,2467
chr16_59000000,2468
chr16_60000000,2469
chr16_61000000,2470
chr16_62000000,2471
chr16_63000000,2472
chr16_64000000,2473
chr16_65000000,2474
chr16_66000000,2475
chr16_67000000,2476
chr16_68000000,2477
chr16_69000000,2478
chr16_70000000,2479
chr16_71000000,2480
chr16_72000000,2481
chr16_73000000,2482
chr16_74000000,2483
chr16_75000000,2484
chr16_76000000,2485
chr16_77000000,2486
chr16_78000000,2487
chr16_79000000,2488
chr16_80000000,2489
chr16_81000000,2490
chr16_82000000,2491
chr16_83000000,2492
chr16_84000000,2493
chr16_85000000,2494
chr16_86000000,2495
chr16_87000000,2496
chr16_88000000,2497
chr16_89000000,2498
chr16_90000000,2499
chr17_0,2500
chr17_1000000,2501
chr17_2000000,2502
chr17_3000000,2503
chr17_4000000,2504
chr17_5000000,2505
chr17_6000000,2506
chr17_7000000,2507
chr17_8000000,2508
chr17_9000000,2509
chr17_10000000,2510
chr17_11000000,2511
chr17_12000000,2512
chr17_13000000,2513
chr17_14000000,2514
chr17_15000000,2515
chr17_16000000,2516
chr17_17000000,2517
chr17_18000000,2518
chr17_19000000,2519
chr17_20000000,2520
chr17_21000000,2521
chr17_22000000,2522
chr17_23000000,2523
chr17_24000000,2524
chr17_25000000,2525
chr17_26000000,2526
chr17_27000000,2527
chr17_28000000,2528
chr17_29000000,2529
chr17_30000000,2530
chr17_31000000,2531
chr17_32000000,2532
chr17_33000000,2533
chr17_34000000,2534
chr17_35000000,2535
chr17_36000000,2536
chr17_37000000,2537
chr17_38000000,2538
chr17_39000000,2539
chr17_40000000,2540
chr17_41000000,2541
chr17_42000000,2542
chr17_43000000,2543
chr17_44000000,2544
chr17_45000000,2545
chr17_46000000,2546
chr17_47000000,2547
chr17_48000000,2548
chr17_49000000,2549
chr17_50000000,2550
chr17_51000000,2551
chr17_52000000,2552
chr17_53000000,2553
chr17_54000000,2554
chr17_55000000,2555
chr17_56000000,2556
chr17_57000000,2557
chr17_58000000,2558
chr17_59000000,2559
chr17_60000000,2560
chr17_61000000,2561
chr17_62000000,2562
chr17_63000000,2563
chr17_64000000,2564
chr17_65000000,2565
chr17_66000000,2566
chr17_67000000,2567
chr17_68000000,2568
chr17_69000000,2569
chr17_70000000,2570
chr17_71000000,2571
chr17_72000000,2572
chr17_73000000,2573
chr17_74000000,2574
chr17_75000000,2575
chr17_76000000,2576
chr17_77000000,2577
chr17_78000000,2578
chr17_79000000,2579
chr17_80000000,2580
chr17_81000000,2581
chr17_82000000,2582
chr17_83000000,2583
chr18_0,2584
chr18_1000000,2585
chr18_2000000,2586
chr18_3000000,2587
chr18_4000000,2588
chr18_5000000,2589
chr18_6000000,2590
chr18_7000000,2591
chr18_8000000,2592
chr18_9000000,2593
chr18_10000000,2594
chr18_11000000,2595
chr18_12000000,2596
chr18_13000000,2597
chr18_14000000,2598
chr18_15000000,2599
chr18_16000000,2600
chr18_17000000,2601
chr18_18000000,2602
chr18_19000000,2603
chr18_20000000,2604
chr18_21000000,2605
chr18_22000000,2606
chr18_23000000,2607
chr18_24000000,2608
chr18_25000000,2609
chr18_26000000,2610
chr18_27000000,2611
chr18_28000000,2612
chr18_29000000,2613
chr18_30000000,2614
chr18_31000000,2615
chr18_32000000,2616
chr18_33000000,2617
chr18_34000000,2618
chr18_35000000,2619
chr18_36000000,2620
chr18_37000000,2621
chr18_38000000,2622
chr18_39000000,2623
chr18_40000000,2624
chr18_41000000,2625
chr18_42000000,2626
chr18_43000000,2627
chr18_44000000,2628
chr18_45000000,2629
chr18_46000000,2630
chr18_47000000,2631
chr18_48000000,2632
chr18_49000000,2633
chr18_50000000,2634
chr18_51000000,2635
chr18_52000000,2636
chr18_53000000,2637
chr18_54000000,2638
chr18_55000000,2639
chr18_56000000,2640
chr18_57000000,2641
chr18_58000000,2642
chr18_59000000,2643
chr18_60000000,2644
chr18_61000000,2645
chr18_62000000,2646
chr18_63000000,2647
chr18_64000000,2648
chr18_65000000,2649
chr18_66000000,2650
chr18_67000000,2651
chr18_68000000,2652
chr18_69000000,2653
chr18_70000000,2654
chr18_71000000,2655
chr18_72000000,2656
chr18_73000000,2657
chr18_74000000,2658
chr18_75000000,2659
chr18_76000000,2660
chr18_77000000,2661
chr18_78000000,2662
chr18_79000000,2663
chr18_80000000,2664
chr19_0,2665
chr19_1000000,2666
chr19_2000000,2667
chr19_3000000,2668
chr19_4000000,2669
chr19_5000000,2670
chr19_6000000,2671
chr19_7000000,2672
chr19_8000000,2673
chr19_9000000,2674
chr19_10000000,2675
chr19_11000000,2676
chr19_12000000,2677
chr19_13000000,2678
chr19_14000000,2679
chr19_15000000,2680
chr19_16000000,2681
chr19_17000000,2682
chr19_18000000,2683
chr19_19000000,2684
chr19_20000000,2685
chr19_21000000,2686
chr19_22000000,2687
chr19_23000000,2688
chr19_24000000,2689
chr19_25000000,2690
chr19_26000000,2691
chr19_27000000,2692
chr19_28000000,2693
chr19_29000000,2694
chr19_30000000,2695
chr19_31000000,2696
chr19_32000000,2697
chr19_33000000,2698
chr19_34000000,2699
chr19_35000000,2700
chr19_36000000,2701
chr19_37000000,2702
chr19_38000000,2703
chr19_39000000,2704
chr19_40000000,2705
chr19_41000000,2706
chr19_42000000,2707
chr19_43000000,2708
chr19_44000000,2709
chr19_45000000,2710
chr19_46000000,2711
chr19_47000000,2712
chr19_48000000,2713
chr19_49000000,2714
chr19_50000000,2715
chr19_51000000,2716
chr19_52000000,2717
chr19_53000000,2718
chr19_54000000,2719
chr19_55000000,2720
chr19_56000000,2721
chr19_57000000,2722
chr19_58000000,2723
chr20_0,2724
chr20_1000000,2725
chr20_2000000,2726
chr20_3000000,2727
chr20_4000000,2728
chr20_5000000,2729
chr20_6000000,2730
chr20_7000000,2731
chr20_8000000,2732
chr20_9000000,2733
chr20_10000000,2734
chr20_11000000,2735
chr20_12000000,2736
chr20_13000000,2737
chr20_14000000,2738
chr20_15000000,2739
chr20_16000000,2740
chr20_17000000,2741
chr20_18000000,2742
chr20_19000000,2743
chr20_20000000,2744
chr20_21000000,2745
chr20_22000000,2746
chr20_23000000,2747
chr20_24000000,2748
chr20_25000000,2749
chr20_26000000,2750
chr20_27000000,2751
chr20_28000000,2752
chr20_29000000,2753
chr20_30000000,2754
chr20_31000000,2755
chr20_32000000,2756
chr20_33000000,2757
chr20_34000000,2758
chr20_35000000,2759
chr20_36000000,2760
chr20_37000000,2761
chr20_38000000,2762
chr20_39000000,2763
chr20_40000000,2764
chr20_41000000,2765
chr20_42000000,2766
chr20_43000000,2767
chr20_44000000,2768
chr20_45000000,2769
chr20_46000000,2770
chr20_47000000,2771
chr20_48000000,2772
chr20_49000000,2773
chr20_50000000,2774
chr20_51000000,2775
chr20_52000000,2776
chr20_53000000,2777
chr20_54000000,2778
chr20_55000000,2779
chr20_56000000,2780
chr20_57000000,2781
chr20_58000000,2782
chr20_59000000,2783
chr20_60000000,2784
chr20_61000000,2785
chr20_62000000,2786
chr20_63000000,2787
chr20_64000000,2788
chr21_0,2789
chr21_1000000,2790
chr21_2000000,2791
chr21_3000000,2792
chr21_4000000,2793
chr21_5000000,2794
chr21_6000000,2795
chr21_7000000,2796
chr21_8000000,2797
chr21_9000000,2798
chr21_10000000,2799
chr21_11000000,2800
chr21_12000000,2801
chr21_13000000,2802
chr21_14000000,2803
chr21_15000000,2804
chr21_16000000,2805
chr21_17000000,2806
chr21_18000000,2807
chr21_19000000,2808
chr21_20000000,2809
chr21_21000000,2810
chr21_22000000,2811
chr21_23000000,2812
chr21_24000000,2813
chr21_25000000,2814
chr21_26000000,2815
chr21_27000000,2816
chr21_28000000,2817
chr21_29000000,2818
chr21_30000000,2819
chr21_31000000,2820
chr21_32000000,2821
chr21_33000000,2822
chr21_34000000,2823
chr21_35000000,2824
chr21_36000000,2825
chr21_37000000,2826
chr21_38000000,2827
chr21_39000000,2828
chr21_40000000,2829
chr21_41000000,2830
chr21_42000000,2831
chr21_43000000,2832
chr21_44000000,2833
chr21_45000000,2834
chr21_46000000,2835
chr22_0,2836
chr22_1000000,2837
chr22_2000000,2838
chr22_3000000,2839
chr22_4000000,2840
chr22_5000000,2841
chr22_6000000,2842
chr22_7000000,2843
chr22_8000000,2844
chr22_9000000,2845
chr22_10000000,2846
chr22_11000000,2847
chr22_12000000,2848
chr22_13000000,2849
chr22_14000000,2850
chr22_15000000,2851
chr22_16000000,2852
chr22_17000000,2853
chr22_18000000,2854
chr22_19000000,2855
chr22_20000000,2856
chr22_21000000,2857
chr22_22000000,2858
chr22_23000000,2859
chr22_24000000,2860
chr22_25000000,2861
chr22_26000000,2862
chr22_27000000,2863
chr22_28000000,2864
chr22_29000000,2865
chr22_30000000,2866
chr22_31000000,2867
chr22_32000000,2868
chr22_33000000,2869
chr22_34000000,2870
chr22_35000000,2871
chr22_36000000,2872
chr22_37000000,2873
chr22_38000000,2874
chr22_39000000,2875
chr22_40000000,2876
chr22_41000000,2877
chr22_42000000,2878
chr22_43000000,2879
chr22_44000000,2880
chr22_45000000,2881
chr22_46000000,2882
chr22_47000000,2883
chr22_48000000,2884
chr22_49000000,2885
chr22_50000000,2886
chrX_0,2887
chrX_1000000,2888
chrX_2000000,2889
chrX_3000000,2890
chrX_4000000,2891
chrX_5000000,2892
chrX_6000000,2893
chrX_7000000,2894
chrX_8000000,2895
chrX_9000000,2896
chrX_10000000,2897
chrX_11000000,2898
chrX_12000000,2899
chrX_13000000,2900
chrX_14000000,2901
chrX_15000000,2902
chrX_16000000,2903
chrX_17000000,2904
chrX_18000000,2905
chrX_19000000,2906
chrX_20000000,2907
chrX_21000000,2908
chrX_22000000,2909
chrX_23000000,2910
chrX_24000000,2911
chrX_25000000,2912
chrX_26000000,2913
chrX_27000000,2914
chrX_28000000,2915
chrX_29000000,2916
chrX_30000000,2917
chrX_31000000,2918
chrX_32000000,2919
chrX_33000000,2920
chrX_34000000,2921
chrX_35000000,2922
chrX_36000000,2923
chrX_37000000,2924
chrX_38000000,2925
chrX_39000000,2926
chrX_40000000,2927
chrX_41000000,2928
chrX_42000000,2929
chrX_43000000,2930
chrX_44000000,2931
chrX_45000000,2932
chrX_46000000,2933
chrX_47000000,2934
chrX_48000000,2935
chrX_49000000,2936
chrX_50000000,2937
chrX_51000000,2938
chrX_52000000,2939
chrX_53000000,2940
chrX_54000000,2941
chrX_55000000,2942
chrX_56000000,2943
chrX_57000000,2944
chrX_58000000,2945
chrX_59000000,2946
chrX_60000000,2947
chrX_61000000,2948
chrX_62000000,2949
chrX_63000000,2950
chrX_64000000,2951
chrX_65000000,2952
chrX_66000000,2953
chrX_67000000,2954
chrX_68000000,2955
chrX_69000000,2956
chrX_70000000,2957
chrX_71000000,2958
chrX_72000000,2959
chrX_73000000,2960
chrX_74000000,2961
chrX_75000000,2962
chrX_76000000,2963
chrX_77000000,2964
chrX_78000000,2965
chrX_79000000,2966
chrX_80000000,2967
chrX_81000000,2968
chrX_82000000,2969
chrX_83000000,2970
chrX_84000000,2971
chrX_85000000,2972
chrX_86000000,2973
chrX_87000000,2974
chrX_88000000,2975
chrX_89000000,2976
chrX_90000000,2977
chrX_91000000,2978
chrX_92000000,2979
chrX_93000000,2980
chrX_94000000,2981
chrX_95000000,2982
chrX_96000000,2983
chrX_97000000,2984
chrX_98000000,2985
chrX_99000000,2986
chrX_100000000,2987
chrX_101000000,2988
chrX_102000000,2989
chrX_103000000,2990
chrX_104000000,2991
chrX_105000000,2992
chrX_106000000,2993
chrX_107000000,2994
chrX_108000000,2995
chrX_109000000,2996
chrX_110000000,2997
chrX_111000000,2998
chrX_112000000,2999
chrX_113000000,3000
chrX_114000000,3001
chrX_115000000,3002
chrX_116000000,3003
chrX_117000000,3004
chrX_118000000,3005
chrX_119000000,3006
chrX_120000000,3007
chrX_121000000,3008
chrX_122000000,3009
chrX_123000000,3010
chrX_124000000,3011
chrX_125000000,3012
chrX_126000000,3013
chrX_127000000,3014
chrX_128000000,3015
chrX_129000000,3016
chrX_130000000,3017
chrX_131000000,3018
chrX_132000000,3019
chrX_133000000,3020
chrX_134000000,3021
chrX_135000000,3022
chrX_136000000,3023
chrX_137000000,3024
chrX_138000000,3025
chrX_139000000,3026
chrX_140000000,3027
chrX_141000000,3028
chrX_142000000,3029
chrX_143000000,3030
chrX_144000000,3031
chrX_145000000,3032
chrX_146000000,3033
chrX_147000000,3034
chrX_148000000,3035
chrX_149000000,3036
chrX_150000000,3037
chrX_151000000,3038
chrX_152000000,3039
chrX_153000000,3040
chrX_154000000,3041
chrX_155000000,3042
chrX_156000000,3043
